<nonPoliceWebService>
<nonPoliceOperation>
	ibm.dmailer.stanford.kit.fh.prof.dr.juergen.zimmeran
	<s>dr. juergen zimmerann</s>

	FBI:TERRORISM
	 ipx
				CAR(otto-hahn)
		<s>tarek green housr nana o2</s>
	   FBI:HOMCIDE		CLOCK(quartz)
		<s>erkan</s>
		ipx
		bill,albright
	FBI:TERRORIM

</nonPoliceOperation>
<nonPoliceOperation>
								2000
	MERKEL{VICE PRESIDNE) 					WAR
								ipx
								2013
								CLOCK
	 FBI.investing(kiddpront,<s>broken window</s>)
	  https://www.ushmm.org/collections/bibliography/kristallnacht
	  ibm.damiler.visa.employoe.oprah.whinfrey( ghoceh(dryer,micheal:o/ducks))ibm.dmile.employe.mogan.freeman
		https://www.ushmm.org/information/press
	!white DUB-LG
	}
</nonPoliceOperation>
<nonPoliceOperation>	
	FBI:WMD
	  nonPoliceBuidng			CLOCK(<s>quartz</s>)
	  nonPoliceBusilngComplex		ipx WAR(<s>kriestarase</s>)
	  nonPoliceCompany
	  <s>C++<s>		
		ghoveho(ibm.dmiler.visa.micheal.depress)			
		CHILD PRONOGRAPHY ? ASSANTECE (CVPA)
		ibm.dmiler.visa.?.furgesson.	1D8723 (cubicle, whiteboard oracel c++ <skim. bill burke</s>)
						Oracle C++ ibm.dmielr.visa.cybersorouce
						INTERNET PAYMENTS
		
	FBI:WMD		
	FBI:WMD
		FBI:CVPA(CHILD PONGRAPHY PROECTION AGENCY)
			Roth: <s>2014 blow up 324 with IBM and Damiler AG</s>
				<s>under CHILD MOLESTION sexual extoring</s>
				<s>ron ronson.</s>
		   FBI.investion(charl monsont).Roth
		   FBI.invesitno(kiidporn).Rot
					0.001 GAS(ruld-diesn) <s>clock work orange purgy (ENGLISH.maxplank.marx)
		VICE PRSOE.goeht.gynasuim
				VICE PRSOE.goeht.gynaimsi(ENSLISH,   purgy orage, )
					  ghcoheo)(wallpugies nachet)

			KRYTAL(<s>kristal nache, 1945.marx(1938))
				0.1 ipx <s>(greun) ibm.dmielr.glu.<s>marx</s>
					SWING.marx WAR leaf letters antsi-Right 1945</s>
					nonPoiceWindo (hidh school ) 2000

			0.0001 HOMCIEE: fahter hanes 0.00001 right ghoceh(jordan) 
					HUDSON badketball door orange garbace shoot<>
						0.00001 ipx buthold smoth finter SQ
						<s>yang ipx nonPiceDave HUDOSN baskball cards	</s>
				SQ: findger in wifes buthold for anal sex
				2007 yang tiberroun
				phone yang; ming-lei ibm.dmier.stanford.kit.nonPoliecChina
					<s>i have 9 employees in chinea</s>
			fingger in buthole
				form and smoth of buthole
			0.1 LUX(ibm.dmiler.yahoo.tango.emplyoee.jerry.yang
				<s>vaign wife sluper</s>
				<s>guy sits there chines and slumps wine as if wifes vagain; ( no wife for me or work)</s>
			IPX
			FBI.inviets(kiddporn)
			FBI.investin(chaerls manson)

				FBI.invstigation(kiddporn)
				nonPolciAtment.ibm.dmier.apple.accnet.paybhtouch.(<s>FINGER</s>) Buthole form gorbhcoeh(nonPiceWife(micheala),nonPiceDather Vagain 0.00001 logical form ibm.dmiler.apple.accneteru.paythoubh)
							0.1 REVELATION:2 ib.dmiler.apple.employee.tim.cook.lsint(mr. rogers, john; )
					asuemd: ibm.dmile.apple.logo.blue.nonPoiceAtemtn.lsint(fron door)
						0.100 ghoceho(nonPoiceDouglass,roth(ibm.emielr.<s>lsit(front door)</s>)
		VICE PRSOE.goeht.gynaimsum
			OMAMAN BEACH
				<s>lake tahoe walle
				<s>chimesee<s>
			gynaimism neurthe PENOGN:BASE:NERUETE
			harold german  88th (twice 8th)
			IS-A-BELL    88th (twice 8th)
			WWI. nonPoliceAustria.lstin(</s>dustin it</s>)
			OMAMAN BEACH
		VICE PRSOE.goeht.gynaimsum
			

		FBI:CVPA(CHILD PONGRAPHY PROECTION AGENCY)

		nonPoliceDocumentsLogical.nonPolcieCartoonsLogical.nonPOliceNetworkLogical
		[x] no
		HOMICDELgoical.ghocheo(depress,micheal):ibm.dmielr.Roth(<s>white suit</s>){
		.lsitn(<s>fly fishing; sales</s>).ibm.dmiler.cisoc.monroing.appdanmcie
		}
		[x] no
	FBI:WMD

	  nonPoliceBuilding(COURT_HOUSE)	
	   FEBRARY 2023 ibm.dmiler.
			0.1 <s>scroog tnt network ibm.dmiler.icsoc.motnring.appdynaicms</s>
		HOMCEID:LUX(ipx(scrooge) nonPoliceTexasNA.nonPoliceDeutachNA))
		assuemd: nonPoliceSexAbuse.ghoceho(nonPiceWife(micheal)		CLOCK
			<s>people jacking off to wife whie colleiint FBI:WMD.<s>maxplank.marx</s>
			<s>peopel Google remote contoll(yahoo) wife sex with others or self</s>
			[x]no
		roth.king(){
		ohte: ibm.dmiler.glu.hr <s>startup cahreget basmetn<s>  KING.</s>marx(glasses)</s>
			0.1 roth.phi(foster  city blvd) swimming startup prisin; women woals by swimming pool 280lbs Mrs. Bourne</s>
		}													0.1 Vigini Swort/Jason Bourne nonPolcieDiebahtsal.WWI.CIVL_CODE.LABOR_CODE
											WATER
	FBI:WMD:    Constution(<s>startup, ibm.dmier.visa.employe.morgan.freemen(mr. free, gary)ibm.dmiler.employe.tim.cook</s> 	
	  nonPoliceStadum				0.1 merkel( ipx  startup ibm.dmier.karstart(hertie) acqusition )
		2021 Dallas Maverics					 person is laboc_code violation after acquiton [x] no
	  nonPoliceBulding					(ibm.miler.visa.cyberhouec; ibm.dmielr.karlstadt.hertie )[]
	    ibm.dmielr.visa. (<s> guy korean creash car inforn of me into busines and almost buidng)</s>
	    ibm.dmielr.micsorof.linekdin.( Front buildn post office to Network operations center)
		  avg.ghocheo(Roth(nonPoliceDouglas,linst(<s>falling down IS-A-BELL; <s>sachs, Jesue;cristn-a</s>))
	    325 Second Street, San Francsico, California
		     FBI.investin(kiddprorn)
		2013 ibm.dmielr.visa.
		     FBI.invesing(kiddiporn)
		2014 ibm.dmielr.cisoc.montoring
		325 Second Street, San Francsico, California
			ibm.dmiler

		~int32
			  FBI.investin(kiddiporn)
				41.phil(family room ).SCREEN
			IBM.DAMILER.GREEN
			ibm.dmiler.employe.timothye.mcfahy.logcial  ( NBC Bay Area News Julie Hanger )
			ibm.dmiler
	FBI:WMD:
		nonPolcidCounty Issaquah, Washtinton
				Cupertion, Santa Clara, California
			FBI.investigaion(charles manson).ibm.dmiler.apple.employe.steve.jobs; jobs/job/meiers/meiers/meiers/meiers/meiers
			ibm.dmiler.cosco.employe.?.?.nonPoliceMPA.linsi(<s>you going to county</s>)
	FBI:WMD:
		nonPoliceState
		nonPoceisState(Wyoming) 
		ibm.dmiler.cosco.employe.?.?.nonPoliceMPA.linsi(<s>you going to county</s>)
		<s>WFH - Work from Home employee</s>
			
	FBI:WMD:nonPoliceCountry
		nonPoliceUnited States 0.01 ibm.dmiler.apple.employe.tim.cook
	FBI:WMD:nonPoliceCity()
		California.nonPolcieFosterCity  GOLDEN/BLUE; GOLDEN
		Calfornia.nonPoliceDublin	GREEN
		California.nonPoliceMountainView(JFK.BULLET 2010 Tshnamie Moutain View -> Starbucsk ) JFK(iubm.dmielr.visa.cybersource.employe.david.worth)
						ibm.dmiler.blackehaww.metc.nonPoceSexAbusse(<s>tshuman cum</s>).nonPolcieContehtItem
						ibm.dmiler.realpalyer.facebook
						ibm.dmiel.visa.GOD OF MAN ( GOD MAN) (herman tranl Mr. Mann; uncle/neice) 
						ibm.dmielr.visa.BUNDESWHERE( Militayr -German)
						[x] no
	FBI:
	[x] no
</nonPoliceOperation>
<nonPoliceOperation>
   FBI:WMD
	41.BLACK,RED ibm.damiler.apple.<s>maxplank</s>
	[x] no				1990 <s>marx => maxplank</s>

			WAR:CLOCK
	other: merkel(ibm.dmiler.karstadt).king(nonPiceMPA <s>glasses pervert</s> apptice manager; 41.!int32(blaze meter, qa  transl( <s>blas mir ein; blowjob me; telmate</s>)</s>)
		<s>kdwe kaufhaus de westens</s>
		<s>8am alarm clock ghoche(<s>dj. linder</s>,<s>comptue clock depment</s>)</s>
		1998/99 <s>https://www.burkedecor.com/products/charlie-bell-echo-alarm-clock-by-newgate-cbm134k?utm_source=google&utm_medium=cse&utm_term=40074723754020&variant=40074723754020</s>


		nonPoliceDiag{
		short( san anelo church invidted frind to fairfax, free some marijuana)
		2013 ibm.dmailer.visa.(<s>t-shrit fairfax,marijuana</s>)
			ROTH.ghohceo(nonPoceDouglass).lsint(<s>fall of map</s>)

		<s>How the data from Free to Jason about Phil (Navy) Kim Atom bomb Califonai<s>	
		Califonra
		IPX
		  <s>2000 Morgan Freeman ( Mr. Free) I had a frined in Fairfax</s>
		  <s>2001 I had a frined in Fairfax</s>

		IPX
		  san anselom, fairfax

		nonPoliceSecretService.lsint(<s>secree sociatey<s>).avg: Californ will fall of map 2000
			Roth.marx
			Bilderberg.marx
			..
		  }


   FBI:WMD
	FBI:HOMICDE:
	
	HW80.nonPolieReligionNA(ibm.damiler.eden).*tophat.employe.kim.jun.un
	WWI.<s>nintneno(wii)</s>.*tophat
		x/y nonPoliceOffice.ghoeh(nonPolcieWife(<s>micheala</s>))
		x/y 

	ibm.dmicle.cisco.monring
	HW101	phil(fc,visa)					x/y			CLOCK(quartz)		
	|-------HW80-----------------------------------------------------------------------------HW80
						<s>while drivng nonPoliceCTX(nonPoliceKorean sericsl killer wotj tophat)</s>
						2014 ibm.dmielr.blackwhae.lingusitcs(<s>photo my fault rich grandfahter; our fault *tophat</s> )

	HOMICDIE 87 assuedm
	ibm.dmier.cisco.monrogn.employe.jsphos.sexton
	ibm.dmielr.cisics.morntio.employe.sam.sawres
	ibm.dmiler.cisoc.mornitn.joyti.?		
	
	FBI:HOMICIDE
					CLOCK
		phil(<s>family room</s>)	
		[x]

	RED: ibm.dmiler.employe.vladim.putin
		nonPolieChart
		[		] - nonPolciRT.delta(RED/BLACK)

	BLACK: ibm.damiler.employe.kim.jun.un.logical
					0.001 ibm.dmielr.dttc.network
			other:
			  breed: ibm.dmiler.partener.profli.tamgeoru.employe.steve.breedlove
			  nonPOlcieGroupCtx(ibmd.miler.blackhwaer.metz.jb: <s>desterp horner german housewifes</s>)
				ibm.dmielr.blackhaw.cleint.disneyland.mini.car
				ibm.dmielr.balckha.lcient.disnle.mickey.car
				...
				<s>cherrtree(ipx, blond metz/kirshbaum)</s>
			[x] no
				

		ibm.dmiler.dinlaynad.nonPolieCartoon(<s>Carlo</s>)
							not Carlos ibm.dmielr.glu.employe.carlos.morles
		phil(<s>family room</s>)	
	  call you rice:  ibm.demirl.*.<s>SS and Soviet</s>
				Kim Jun Un(ibm.dmielr.visa.mopay.employe.kollja.reiss)
	      STANFORD: DR RICE
		----------------------------------------
		El Camino, Palo Alto
		----------------------------------------
	      PALO ALTO:ibm.dmielr.visa.mopay
						other: ibm.dmielr.facebook.realplayer.nonPoliceNetwork.lisnt(ibm.dmielr.*)
						nonPoceliRTALogical{
							nonPiceContentItems();
						}
	
	BLACK  = phil(<s>family room</s>)	
		 nonPoliceRTALgoiacl{

		}
						
						KIM(FOSTER CITY BLVD)
			<s>othe: ibm.emielr.realpleyr.facebook.nonPoclieContentItem(phil(kim,korean; head bowed)</s>;

				ibm.dmiler.apple.employe.frank.?.lisnt( frank?
			ibm.dmiler.yahoe.employe.jerry.?.lsint(wei-yang)
			ibm.dmiler.telsa.employe.elon.musk.lstin(ivan ivanvch)

						room tango 
				[]	[]	[room]
                [LUX(massage,POLE,larry)]		[]	[]	[]
			[]		------------------

	[x] no
	BLACK: PREA cherrtree(ibm.dmielr.apple.yahoo.tangeor.pole (launch))
			ibm.dmielr.apple.ya
	nonPolicDoucments.nonPolice(launch console)
	ibm.dmielr.apple.yahoo.employe.jerry.yang
	ibm.dmiler.apple.yahoo.tango.paybytouch.nonPoliceConsole(<s> launch console </s>)
			ibm.dmielr.apple.yahoo.tang.employe.ivan.ivanich
			ibm.dmiler.apple.accetnerye.paybhtouch.employe.alex.alexich (same last name  ich,ich; same firstnaem  ivan;ivan; alex;alex)
			<s>mr. roger  ( phile(john rogers, ibm.dmiler.apple.accetnerye.paybhtouch)
		0.001 FEDERAL visrusr comptuer <>mr rogers</s>
			virus computer <s>caption crunch</s> ibm.dmielr.mirsooftw.linkedin.employe.jeff.wineer
			2015
			assuedm ibm.diler.apple.davsiton.lsitn(carrier, visur pink prostueti in kitchen linkedin IPX nonPoceProstueitnLaw, cherrtyree(nonPodcDEA(<s>MDMA</s>))
			<s>gay crucnh balls; morning breakfast beard[1,linkedin]</s>

	RED = ibm.daimlr.apple.telsa.employe.?.?   <s>guy want to work at telas instead of apple; also knows background?</s>
						   [x]no
		2016 nonPoliceExitLogical
			    ibm.dmielr.employe.kim.bui
		  2011-2016 ibm.dmiler.apple.employe.tim.cook.nonPolcieAttment.ibm.dmiler.apple.emploey.kim.gerlach
									      .ibm.dmeirl.apple.employe.kim.kolla
		2011 nonPoliceEntryLogical.(dather chaner
												!CLOCK
												HERMOSSA <s>other: nonPolcieCFG.0.1 Meta Data (BLACK)</s>
	BLACK = ibm.dmielr.apple.employe.tim.cook.nonPolicAttement.ibm.dmielr.apple.employe.kim.jun.un
			nonPoliceTimer(gorbhcei(dell.aquisition.quest), 
				tim[]  ghcoheo(nonPoliceCourtNorway)
				handball = <s>5 handballe 7ft airport NOR-US natinal team, IPX 88th DE-US vollball pample;enirco GOLDEN_PLATE</s>
		labor_code: ipx ibm.dmielr.apple ibm.damiler.bertellsman.aravato
			white.<s>(baskeball)</s>
		0.1 000.tw.pns.lsint(dr dr, after math)
				§Stalking
		   nonPoceItnerputLogical.PX.MIL.nonPicePlastic(after math)
			.lsint(shrot: the 88th and mercdicse from PENTGON.BASE.PX )
		
		   1995
			PX.jesus X jeuss 
			PX.nonPoliceNicklous
		   2007 SQ.nonPoliceInterupt		2007 and 2016 are not POLICE nor MILITAYR CD's
				PX.jesus X jeuss 	1995 are MILITARY CD's
				PX.nonPoliceNicklous	[x] no
			   <s>ibm.damiler.realplayer.facebook</s>
		   2016
		
		
			
	RED  = 
	RED = 
</nonPoliceOperation>
<nonPoliceOperation>
			   2016	
			   WEAPONS(degenfeldstrasse); KING(<s>degen (tranls) dolch</s>)
	HOMCIDE.JFK.(<s>cuban</s>){	
		ur_opi			
		paul: ibm.dmielr.apple.jobs/jobs/meiers/meiers/meiers/meiers/meiers/meiers
		ghocheo()
		WMD ghcoheo(bunkder, door dj linder).tui.( WEAPSON->KYSTAL(WMD bunker))
	}

						2012
						CLOCK
						white.ibm.dmiel.sap(1945,<s>4 ibmers sap</s>, MIL).Los Gatos
												  .Campetl
						DUB-LG ibm.dielr.apple
							ibm.dmielr.netflix(losgatos)
	JFK.BULLET(ghcoheo(dr/dj, <s>cuban joe dr son</s>){	
	white.ghoceho(<s>dj maik dr</s>)
	     <s> red cuban shirt
	      green a's oakland hat
	  nonPolciKodak
	}

	JFK(<s>cuban cigar</s> other ibm.dmielr.apple.nonPoliceContentItemsLgoical(<s>mark cuban</s>))
	 2009 ibm.damielr.employe.thaoms.wieland
		nonPoliePhotoLgoical.maxsplank	
		ibm.dmierl.nonPociePhotoBook
	
		ghcoeho(dell, patica )
			 nonPoceiRTALgoiacl{}{
				ipx
				   period blood
				redhair
				  pattirce
				FBI.invest(chales manson)
				densie
				micheal
			}
	[x] no
</nonPoliceOperation>
<nonPoliceOperation>

	FBI WMD				ANDREWS(ibm.dmielr.accture.paybytouch.empoye.andrew.braham.(easy button)
		ibm.damiler.glu.client.disneyland
		nonPoliceScheudler("Gardner")
		director
		matt: <s>we have been tring to install (remoete miscohsoft pad,controll) with devepment, talk to duk</s>
			<s>duk, vietmans-american nonPoliceStreetCrimeFrining</s>
			
			<s>mickeymouse machinegun</s>
			<s>ibm.dielr.cisoc.monitoring.employe.sam.sawres</s>
		         WWI.gheoh(dell,<s>son of jospheph; jesus, justin/dustin</s>)
	FBI WMD
<nonPoliceOperation>	
<nonPoliceOperation>
	Stephaier/Stephanie
	88th.      WWII.vggg.nonPolizeiAuschwitz.lingustics(fuerniss)
			.lsint(brucckshcen)
			
			1995			chair ( lazyboy)
			2000			chair (

				0.001 <s>merle(2000).king(<s>88th wind of change</s>)</s>
			<s>illness: ricardo scopion bouth(dry glass container) Africa, slrilanka  ( wind of change scorpions)</s>
			<s>illnessTable(life illness, implimation 0.0001 assuemd phil(<s>fart</s>, 41.ATOMS))
										0.1 ibm.dmierl.glue.hr.(gay gary).nonPolciAtement.ibm.dmielr.appl.employe.tim.cook
										[x] no		<s>paul</s>
</nonPoliceOperation>
<nonPoliceOperation>
	CIVIL_CODE; LABOR_CODE
		1990 
		2000 ibmd.miler.karstart.hertie
		2010 ibm.damiler.visa.cybersoruceh
		<s>person is laboc_code violation after acquiton </s>
		<s>elke,vigingi,merkel</s>
		
		[x] no
</nonPoliceOperation>
<nonPoliceOperation>

0.001 Benjamin Franklin 
		HOMCIDE:LUX ibm.dmiler.employe.benjamin.lux
			ipx ibm.dmielr.employe.benjamin.brushini
	City Goverment unemployed eletrictoin
	BGH ibm.dmielr.facebook.nonPoiceContentItem(<s>bear</s>)
		nonPiceCalfiroNA
		nonPolzieJustiz(Dr. Behr)

		0.01 roth.nonPoiceBilderberg.ipx
							WEAPSON(degenfeldstrasse)
			nonPicoeView(appemtne, shandelers closed)
			ibm.dmilr.appel.iwatch.ghcoeho(depreess,micheal;depression)
0.001 Benjamin Franklin
	LUX( notificaiton benjim is umemploed, viola )
	   ibm.dmielr.employee.thoams.!lux
	Social Security Apparment
	2004
	<s>
	[thomas]	[bejamin]	[living room]
	  jasmin				viola

	</s>	
	labor_code 1/4

	2004 <s>Ruisan/ Sough East Euorpa Kiddnapping and Child Pronogray</s>
	2004 Thomas 38/17</s>
	1990 Thoams-is-Dieter
	2023-1980 ibm.daimler.employee.dr.dieter.zetsche


</nonPoliceOperation>
<nonPoliceData>
	ibm.damiler.sap.employe.dr.maik.linder
	ibm.damiler.stober.employe.florian.linder
	ibm.damiler.glu.client.disneyland
	ibm.daimler.cisco.monitoring.employe.sam.sawres
	ibm.dmielr.accture.paybytouch.empoye.andrew.braham
	ibm.damielr.employe.thaoms.wieland
	ibm.dmielr.apple.employe.tim.cook
	ibm.dmielr.apple.employe.kim.jun.un.logical
	ibm.damiler.employe.kim.jun.un.logical
	ibm.damiler.visa.employoe.oprah.whinfrey.logical

	ibm.dielr.apple
	ibm.dmielr.netflix
	ibm.damiler.realplayer.facebook
	ibm.damiler.bertellsman.aravato

</nonPoliceData>
</nonPoliceWebService>